{
    "start_lat": 32.9426941,
    "start_lon": -96.994820,
    "end_lat": 32.9422315,
    "end_lon": -96.978547
}